case_id,e1,e2,e3,t1,t2,t3,top_uz_mae_pct,top_uz_max_pct,volume_mae_pct,volume_max_pct,peak_fem_uz,peak_pinn_uz,fem_seconds,pinn_eval_seconds,n_eval_points
random_interior_000,7.4620459,5.4694568,9.2977577,0.054781324,0.031180696,0.028459079,4.713555,20.764843,2.913114,35.285139,-0.2288772918,-0.2243120723,0.028430,0.010974,405
random_interior_001,9.5052632,1.1798721,6.405578,0.028544164,0.079550404,0.097320444,3.124491,30.645672,2.939765,40.648399,-0.1231056724,-0.08537911171,0.027023,0.001737,405
random_interior_002,9.9433669,9.6923191,6.1371334,0.023497516,0.094881954,0.041952371,3.091865,24.835255,3.396645,39.793815,-0.1044928256,-0.07854176592,0.029565,0.007776,405
random_interior_003,7.9637246,1.0839748,6.6350373,0.049491284,0.056307823,0.087489431,3.183693,19.052811,2.748041,34.370456,-0.1405265027,-0.1137522539,0.025966,0.001565,405
random_interior_004,1.9547378,4.6461966,7.9831317,0.067453815,0.08645244,0.054263187,3.618894,14.522959,3.254260,26.841846,-0.1213822415,-0.1059197827,0.025757,0.001161,405
random_interior_005,5.6452648,1.4260951,7.098887,0.095134378,0.076883016,0.081551066,2.936022,37.336343,2.552965,40.671409,-0.1051220455,-0.06587331753,0.037953,0.001018,405
random_interior_006,7.9074277,7.9551409,2.9296669,0.032315555,0.044214112,0.047767235,3.919254,15.830788,3.131615,37.962597,-0.3059167738,-0.2783812173,0.025405,0.000864,405
random_interior_007,5.3672985,9.9661356,5.089864,0.020662307,0.052478186,0.097581473,4.472728,21.600558,2.991843,28.732545,-0.1124327573,-0.1036167814,0.039296,0.001067,405
