case_id,e1,e2,e3,t1,t2,t3,top_uz_mae_pct,top_uz_max_pct,volume_mae_pct,volume_max_pct,peak_fem_uz,peak_pinn_uz,fem_seconds,pinn_eval_seconds,n_eval_points
random_interior_000,7.4620459,5.4694568,9.2977577,0.054781324,0.031180696,0.028459079,9.659086,55.735352,4.278929,56.395430,-0.2288772918,-0.1013117286,0.014632,0.108586,405
random_interior_001,9.5052632,1.1798721,6.405578,0.028544164,0.079550404,0.097320444,6.204129,27.045551,2.790980,27.045551,-0.1231056724,-0.08981106517,0.012662,0.002056,405
random_interior_002,9.9433669,9.6923191,6.1371334,0.023497516,0.094881954,0.041952371,6.861974,30.202307,3.007597,30.202307,-0.1044928256,-0.07293358184,0.011541,0.002035,405
random_interior_003,7.9637246,1.0839748,6.6350373,0.049491284,0.056307823,0.087489431,11.350656,64.919105,4.674322,64.919105,-0.1405265027,-0.04929795477,0.013053,0.001935,405
random_interior_004,1.9547378,4.6461966,7.9831317,0.067453815,0.08645244,0.054263187,10.962977,61.506895,4.924865,61.790216,-0.1213822415,-0.04672379356,0.011961,0.001823,405
random_interior_005,5.6452648,1.4260951,7.098887,0.095134378,0.076883016,0.081551066,8.472294,54.341714,3.438256,54.341714,-0.1051220455,-0.04799692444,0.029842,0.002384,405
random_interior_006,7.9074277,7.9551409,2.9296669,0.032315555,0.044214112,0.047767235,11.331021,62.843077,4.986112,62.843077,-0.3059167738,-0.1136692606,0.014241,0.002269,405
random_interior_007,5.3672985,9.9661356,5.089864,0.020662307,0.052478186,0.097581473,3.254409,9.771443,1.572891,10.298283,-0.1124327573,-0.121551249,0.026057,0.002340,405
