rank,case_id,e1,e2,e3,t1,t2,t3,total_thickness,peak_downward_uz,peak_downward_abs,mean_patch_uz,mean_patch_abs,pinn_eval_seconds,n_eval_points
1,random_interior_428,8.5495525,9.3382995,8.9193894,0.083938201,0.076103134,0.08540924,0.24545058,-0.04390503931,0.04390503931,-0.03228934014,0.03228934014,0.000692,441
2,random_interior_311,9.2657062,8.6093546,8.5032215,0.081346588,0.075314931,0.088548582,0.2452101,-0.04510582182,0.04510582182,-0.03314038052,0.03314038052,0.000709,441
3,random_interior_385,7.2111652,7.6798321,9.8860299,0.060265085,0.091805041,0.099814618,0.25188474,-0.04678480353,0.04678480353,-0.03425499912,0.03425499912,0.000770,441
4,random_interior_298,9.0226011,6.9385963,8.740248,0.072355407,0.057346283,0.081061336,0.21076303,-0.05162303228,0.05162303228,-0.03955216907,0.03955216907,0.000698,441
5,random_interior_444,6.4114312,9.1109445,8.2187989,0.08197339,0.069548458,0.087770996,0.23929284,-0.0536975974,0.0536975974,-0.0399620224,0.0399620224,0.000700,441
